feature,importance
Credit_History,2.727048877028848
Education,1.087721981598927
TotalIncome,0.6556745610058398
ApplicantIncome,0.5647574445012651
CoapplicantIncome,0.3649128339283819
Self_Employed,0.3409969122513316
LoanToIncomeRatio,0.2293976621381051
Married,0.1379490326045918
LoanAmount,0.11770601910110491
Property_Area,0.040656108604081344
Dependents,0.021272489397381196
Gender,0.018588970162554168
Loan_Amount_Term,0.012701091302775398
