Model,Test_Accuracy,CV_Mean,CV_Std
Logistic Regression,0.84,0.8512500000000001,0.026634094690828128
SVM,0.83,0.865,0.025186802099512347
